window,variant,CAGR,AnnReturn,AnnVol,Sharpe,Sharpe_noRF,MaxDD,UlcerIndex,TotalMultiple,TotalReturn
2003-07-18_2008-07-16,"set_[100, 200]__x100_0_200_0",0.007884159237312005,0.00888277632510914,0.04534767275970732,-0.46567381278392983,0.1958816359149909,-0.08020796627624112,3.2450913117400724,1.039982494659606,0.039982494659605905
2003-07-18_2008-07-16,"set_[100, 200]__x100_0_200_1",0.011697563478327844,0.013575083981069547,0.062298723449338414,-0.2636477139421206,0.21790308419575985,-0.10585303001205804,3.646005792616603,1.0597744266163651,0.05977442661636512
2003-07-18_2008-07-16,"set_[100, 200]__x100_1_200_0",0.005747189150072662,0.007613731104550093,0.06131800938191841,-0.3650847299366378,0.12416794317519458,-0.12201757698097208,4.4299481203063475,1.0290213482953061,0.029021348295306115
2003-07-18_2008-07-16,"set_[100, 200]__x100_1_200_1",0.009451277165944516,0.012306038760510491,0.07606099194450018,-0.23262858907231126,0.16179172064295327,-0.14209078093372712,5.028168651215183,1.048079884363835,0.048079884363835035
2003-07-18_2008-07-16,"set_[100, 150, 200]__x100_0_150_0_200_0",0.0005490852972396265,0.0016012421396858594,0.04585458145121867,-0.6193221475704778,0.03492000338917724,-0.08568863984673979,3.7957257001552134,1.0027440745004859,0.00274407450048586
2003-07-18_2008-07-16,"set_[100, 150, 200]__x100_0_150_0_200_1",0.003240333158158748,0.00472944724365947,0.05462870659656045,-0.46258742574607514,0.08657439537397443,-0.09347291104130234,3.880462108636862,1.0162809104522812,0.016280910452281194
2003-07-18_2008-07-16,"set_[100, 150, 200]__x100_0_150_1_200_0",-0.003108763058541464,-0.001615558376306592,0.054690370610446376,-0.5780827232183307,-0.029540088287461803,-0.12142739733430805,4.310464246406897,0.9845768585369687,-0.015423141463031254
2003-07-18_2008-07-16,"set_[100, 150, 200]__x100_0_150_1_200_1",-0.0007165414247335411,0.001512646727667015,0.06669030569116262,-0.4271588348125979,0.022681658330851853,-0.14343739582794118,4.901503004371962,0.9964280920536769,-0.0035719079463231163
2003-07-18_2008-07-16,"set_[100, 150, 200]__x100_1_150_0_200_0",-0.0008929974817843966,0.0007552119926464949,0.05738858104726757,-0.5095924567862431,0.013159621284667617,-0.10545770002586795,4.512744882159389,0.9955500387888279,-0.004449961211172138
2003-07-18_2008-07-16,"set_[100, 150, 200]__x100_1_150_0_200_1",0.0017497333247027402,0.003883417096620111,0.06530147728462325,-0.39993862297399585,0.05946905427106703,-0.11814670387190918,4.642046781938085,1.0087653395562213,0.008765339556221274
2003-07-18_2008-07-16,"set_[100, 150, 200]__x100_1_150_1_200_0",-0.004620670742709887,-0.0024615885233459592,0.06581364580230764,-0.4932349230561507,-0.03740240330614914,-0.14544672194873876,5.108388785225885,0.9771450842426922,-0.022854915757307803
2003-07-18_2008-07-16,"set_[100, 150, 200]__x100_1_150_1_200_1",-0.0022765436811269524,0.000666616580627638,0.07666274822919589,-0.3826289051323257,0.008695443302328246,-0.16688315740174367,5.8635854392232725,0.9886868738607993,-0.011313126139200658
2003-07-18_2008-07-16,"set_[100, 200, 250]__x100_0_200_0_250_0",0.014758948989046061,0.01562048054805972,0.04401183553350182,-0.3267193762231205,0.3549154530528364,-0.07906141517818689,2.7073598039672455,1.0758802884942629,0.07588028849426287
2003-07-18_2008-07-16,"set_[100, 200, 250]__x100_0_200_0_250_1",0.011762233164002822,0.013196512351766861,0.05478671149981953,-0.30670736001901655,0.24087067813534185,-0.09190524412496534,3.4713506854124194,1.060112646389145,0.06011264638914504
2003-07-18_2008-07-16,"set_[100, 200, 250]__x100_0_200_1_250_0",0.017465954040843057,0.018748685652033328,0.053508994121251804,-0.21026959173388882,0.35038381789701856,-0.08385197508101137,2.6848610524751892,1.0902842748152473,0.09028427481524726
2003-07-18_2008-07-16,"set_[100, 200, 250]__x100_0_200_1_250_1",0.014151613877301239,0.016324717455740465,0.06733326425045076,-0.20309846398346845,0.24244654759376505,-0.10779375639575275,3.79129825618216,1.0726696550159562,0.07266965501595624
2003-07-18_2008-07-16,"set_[100, 200, 250]__x100_1_200_0_250_0",0.013306034910140152,0.014774450401020356,0.055756613601904946,-0.27307163429415054,0.2649811286336009,-0.10853203833032543,3.715520658628227,1.0682123268900332,0.0682123268900332
2003-07-18_2008-07-16,"set_[100, 200, 250]__x100_1_200_0_250_1",0.010273899027526845,0.012350482204727493,0.06519782712827935,-0.27070714734934914,0.18943088671386893,-0.11969600753938944,4.342243993215681,1.0523505522236083,0.05235055222360829
2003-07-18_2008-07-16,"set_[100, 200, 250]__x100_1_200_1_250_0",0.015963922058058078,0.01790265550499396,0.06421955700392994,-0.188374773346159,0.27877264092460813,-0.11132091674593739,3.7960428697278323,1.0822730405136887,0.08227304051368867
2003-07-18_2008-07-16,"set_[100, 200, 250]__x100_1_200_1_250_1",0.012614632380040458,0.015478687308701097,0.07662977317266638,-0.18949961731687096,0.20199312444555564,-0.13210021862885607,4.73283544683211,1.0645787317338242,0.06457873173382422
2003-07-18_2008-07-16,sma100_3in_1out,0.007920529263722331,0.0111380950587007,0.08050889501670375,-0.23428349050606012,0.13834614245282836,-0.14139236443544786,5.444431305010411,1.0401698518683755,0.04016985186837552
2003-07-18_2008-07-16,sma100_3in_0out,0.012013884577802614,0.013676185499818787,0.05876651500556638,-0.277774077612651,0.23272071686611634,-0.09137409095979135,4.049111790879594,1.0614295944223842,0.06142959442238416
2003-07-18_2008-07-16,sma200_3in_1out,0.009995672256040145,0.013473982462320311,0.08390085703228374,-0.1969707834011843,0.16059409806905467,-0.14715702969847053,5.764159741128605,1.0509045745596506,0.050904574559650584
2003-07-18_2008-07-16,sma200_3in_0out,0.002304108088479584,0.004089367150399485,0.05975520645964663,-0.43361297508189955,0.06843532794353378,-0.11218812045603022,5.19548856488332,1.011555275277967,0.01155527527796707
2003-07-18_2008-07-16,baseline_buyhold,0.05534595915918983,0.06221936300734272,0.1291662247785976,0.2494410830894034,0.4816999421790971,-0.16110754759438842,4.58015318239754,1.3085447657064162,0.3085447657064162
2020-03-20_2025-03-19,"set_[100, 200]__x100_0_200_0",0.017077326138768445,0.020725174656189498,0.08699422601270587,-0.10661426360015981,0.23823620952915314,-0.12357929874858933,6.1114440371164696,1.0880607231528658,0.08806072315286584
2020-03-20_2025-03-19,"set_[100, 200]__x100_0_200_1",0.07125615257297646,0.07384539937233757,0.09997018122293984,0.4385847743394558,0.7386742573533768,-0.09456448330838985,4.850178951690178,1.409263321696642,0.4092633216966419
2020-03-20_2025-03-19,"set_[100, 200]__x100_1_200_0",0.06921998741622826,0.07206588025672564,0.10119510021827187,0.41569087995359477,0.7121479212064991,-0.10144465156884395,4.9807954980262465,1.3959631723482266,0.39596317234822664
2020-03-20_2025-03-19,"set_[100, 200]__x100_1_200_1",0.12438893768476222,0.12518610497287372,0.12578003704246832,0.756766393229278,0.9952780100597836,-0.12725220810605256,6.115947943371018,1.7938024848891656,0.7938024848891656
2020-03-20_2025-03-19,"set_[100, 150, 200]__x100_0_150_0_200_0",0.035117240164340924,0.03789740893571533,0.08219365083476682,0.09608295598879558,0.46107465176233825,-0.12357929874858874,5.278479874064785,1.1877082699880777,0.18770826998807766
2020-03-20_2025-03-19,"set_[100, 150, 200]__x100_0_150_0_200_1",0.07151936140991344,0.07331089207981403,0.09189615877890724,0.47130252945627044,0.7977579591350771,-0.09024793299040515,4.299956064142436,1.410989958329201,0.41098995832920093
2020-03-20_2025-03-19,"set_[100, 150, 200]__x100_0_150_1_200_0",0.05835613077600277,0.06106453771864013,0.0930999214093679,0.3336687856270774,0.655903214462818,-0.09928245272316975,4.412743776384888,1.326686066711847,0.32668606671184697
2020-03-20_2025-03-19,"set_[100, 150, 200]__x100_0_150_1_200_1",0.0949503959344169,0.09647802086273885,0.10719768706417863,0.6201441717948527,0.9000009562237852,-0.103349138915547,4.906333532890756,1.571617717611811,0.5716177176118109
2020-03-20_2025-03-19,"set_[100, 150, 200]__x100_1_150_0_200_0",0.07032901112196588,0.07212454600273943,0.09107069546976856,0.4625477579307926,0.791962174338304,-0.0974686413863114,4.438362176742654,1.4031947685475605,0.40319476854756053
2020-03-20_2025-03-19,"set_[100, 150, 200]__x100_1_150_0_200_1",0.10718804797663761,0.10753802914683813,0.10669964310632009,0.7266943626941276,1.0078574399699036,-0.10334913891554683,4.484857894423711,1.661135340776383,0.6611353407763829
2020-03-20_2025-03-19,"set_[100, 150, 200]__x100_1_150_1_200_0",0.09360119425540736,0.09529167478566425,0.10763307183639126,0.6066135033747947,0.8853382437185601,-0.10928223267260301,4.615984871113447,1.561989355612992,0.561989355612992
2020-03-20_2025-03-19,"set_[100, 150, 200]__x100_1_150_1_200_1",0.13061517828318037,0.13070515792976295,0.12573965724191807,0.8009021190189048,1.0394903310281138,-0.12725220810605248,5.930739386957384,1.8438593527572371,0.8438593527572371
2020-03-20_2025-03-19,"set_[100, 200, 250]__x100_0_200_0_250_0",0.03637130644751996,0.03837923068724831,0.07276959852511145,0.11514740849307818,0.5274074814911112,-0.09675505096383381,5.312610307124934,1.1948974269330337,0.1948974269330337
2020-03-20_2025-03-19,"set_[100, 200, 250]__x100_0_200_0_250_1",0.04755865805319637,0.05052376602598272,0.08999711538464918,0.2280491540008122,0.5613931714371433,-0.11007753472942162,5.792443574892509,1.260583046197846,0.260583046197846
2020-03-20_2025-03-19,"set_[100, 200, 250]__x100_0_200_1_250_0",0.07266031927889172,0.07379271383134703,0.08529307285377051,0.5134381065907524,0.8651665529492635,-0.08790570235746507,4.531249229126905,1.4184941481651527,0.41849414816515274
2020-03-20_2025-03-19,"set_[100, 200, 250]__x100_0_200_1_250_1",0.08388270770390194,0.08593724917008141,0.10360956223749425,0.5398850063844671,0.8294335707460642,-0.12323537286361867,6.341689887438892,1.4940191478367544,0.4940191478367544
2020-03-20_2025-03-19,"set_[100, 200, 250]__x100_1_200_0_250_0",0.07132979868477118,0.07260636775427241,0.08593673837470636,0.49578758235503023,0.8448815853086012,-0.09339702720600991,4.813174143294862,1.4097462661887914,0.4097462661887914
2020-03-20_2025-03-19,"set_[100, 200, 250]__x100_1_200_0_250_1",0.08268490142358176,0.08475090309300683,0.10282988106532412,0.5324415678184589,0.8241855598293227,-0.11819575178501414,6.026453051389803,1.4858081963792567,0.48580819637925665
2020-03-20_2025-03-19,"set_[100, 200, 250]__x100_1_200_1_250_0",0.10805979412047884,0.10801985089837111,0.10376151172141636,0.7519151331164332,1.0410396794178147,-0.11222046527248311,4.898308052058901,1.667664299647433,0.6676642996474329
2020-03-20_2025-03-19,"set_[100, 200, 250]__x100_1_200_1_250_1",0.11943605053388096,0.12016438623710554,0.12087712585222331,0.7459176879117295,0.9941036022316653,-0.14506939525890075,7.42163162843575,1.7547638463920125,0.7547638463920125
2020-03-20_2025-03-19,sma100_3in_1out,0.12689845793822196,0.12906550582614873,0.13821251031302564,0.7167622207409718,0.933819272465563,-0.14769002505978032,5.4016861931551485,1.8138457634237277,0.8138457634237277
2020-03-20_2025-03-19,sma100_3in_0out,0.021708519857471575,0.0263840946250764,0.09891977301289369,-0.03655391904763353,0.26672215090543494,-0.136588119613052,6.013962221275541,1.1129791451796405,0.11297914517964047
2020-03-20_2025-03-19,sma200_3in_1out,0.11981927736746312,0.12130670411959872,0.12729682386796085,0.7172740163125122,0.952943682596705,-0.15099834405705662,7.788341116349648,1.757759975821508,0.7577599758215079
2020-03-20_2025-03-19,sma200_3in_0out,0.011097022052681593,0.015066254687302577,0.08966972265133762,-0.16654166948596727,0.16801941883867122,-0.13620840179822433,7.035514023933111,1.056545196092894,0.05654519609289399
2020-03-20_2025-03-19,baseline_buyhold,0.21863019673836748,0.22171664085286083,0.2189047728139301,0.8757992728455525,1.0128451655155133,-0.3271650486819236,13.904492608720846,2.6791475381990364,1.6791475381990364
2004-10-18_2009-10-17,"set_[100, 200]__x100_0_200_0",0.04053963559794771,0.04117845109045969,0.053578059969380594,0.2086385937984332,0.7685692821649912,-0.10704997605210291,3.513905907789154,1.2198126663957936,0.21981266639579355
2004-10-18_2009-10-17,"set_[100, 200]__x100_0_200_1",0.04436703897721439,0.04579471293064731,0.06893227453835708,0.22913378437640855,0.664343563843451,-0.12149057406708605,5.12186337887725,1.2424124178830342,0.24241241788303425
2004-10-18_2009-10-17,"set_[100, 200]__x100_1_200_0",0.0482643380328307,0.04951114924206023,0.06883098283660553,0.283464632320837,0.719314866672648,-0.12201757698097185,5.87660651086115,1.265767838769253,0.26576783876925303
2004-10-18_2009-10-17,"set_[100, 200]__x100_1_200_1",0.05186988461827302,0.054127411082247855,0.0842207154329718,0.28647834393487176,0.6426852444079022,-0.14209078093372837,7.109974401279928,1.2876863928403297,0.2876863928403297
2004-10-18_2009-10-17,"set_[100, 150, 200]__x100_0_150_0_200_0",0.03318123665214401,0.03377431653156628,0.04752435821463153,0.07941856920025217,0.7106738060308628,-0.07581601579444615,3.4337955957985127,1.177287552663581,0.1772875526635811
2004-10-18_2009-10-17,"set_[100, 150, 200]__x100_0_150_0_200_1",0.03577837740436429,0.036851824425024715,0.058214374416672154,0.11769987213093555,0.6330365102140588,-0.09347291104130324,4.603774979771937,1.1921590579783394,0.19215905797833943
2004-10-18_2009-10-17,"set_[100, 150, 200]__x100_0_150_1_200_0",0.03992019450910389,0.0410981155604763,0.062448451742788055,0.1777164245190111,0.6581126419234656,-0.1222597289749818,5.7703289991763365,1.216186168352851,0.21618616835285098
2004-10-18_2009-10-17,"set_[100, 150, 200]__x100_0_150_1_200_1",0.04230053187185945,0.04417562345393474,0.07398963275707682,0.19158932036433038,0.5970515301646705,-0.14343739582794088,7.161732512875722,1.2301690515793673,0.2301690515793673
2004-10-18_2009-10-17,"set_[100, 150, 200]__x100_1_150_0_200_0",0.03814370918151422,0.039329448632633324,0.06150697408356379,0.1516811511481328,0.6394307185263264,-0.10545770002586793,5.097552708805652,1.2058336054978178,0.20583360549781782
2004-10-18_2009-10-17,"set_[100, 150, 200]__x100_1_150_0_200_1",0.04064322794526709,0.042406956526091735,0.07158414521907545,0.17331989490300684,0.5924071090925216,-0.11814670387191041,5.917013498948909,1.2204199879053117,0.2204199879053117
2004-10-18_2009-10-17,"set_[100, 150, 200]__x100_1_150_1_200_0",0.04485813389663584,0.046653247661543336,0.07437651895173299,0.22390463947836212,0.6272577463838984,-0.1454467219487388,7.154746316743209,1.2453362774576424,0.24533627745764242
2004-10-18_2009-10-17,"set_[100, 150, 200]__x100_1_150_1_200_1",0.04713891755173538,0.04973075555500174,0.08554154793228189,0.23065698519532754,0.5813637554743645,-0.16688315740174417,8.478607838719029,1.2589877474390483,0.2589877474390483
2004-10-18_2009-10-17,"set_[100, 200, 250]__x100_0_200_0_250_0",0.03952243725182947,0.03981007780762008,0.0457306602822359,0.21451861283163706,0.870533632401637,-0.08739114078728456,3.534179812143902,1.2138620623121512,0.2138620623121512
2004-10-18_2009-10-17,"set_[100, 200, 250]__x100_0_200_0_250_1",0.04687158921022716,0.0474153966420007,0.056648630702206694,0.3074283778111216,0.8370086982553258,-0.10011879958693143,4.290577689506107,1.2573815073327543,0.25738150733275433
2004-10-18_2009-10-17,"set_[100, 200, 250]__x100_0_200_1_250_0",0.04219133575914613,0.0428875857010785,0.05581045260947958,0.23091706120457994,0.768450777512489,-0.08482950902107653,3.841754296502544,1.2295247962456772,0.22952479624567723
2004-10-18_2009-10-17,"set_[100, 200, 250]__x100_0_200_1_250_1",0.049288293199056366,0.05049290453545913,0.06888170546535653,0.29750866934858133,0.7330379553516442,-0.10874574435069051,5.295547419872264,1.2719620018814908,0.2719620018814908
2004-10-18_2009-10-17,"set_[100, 200, 250]__x100_1_200_0_250_0",0.044639209753780884,0.04536520990868712,0.058113780144367376,0.26439873418174786,0.7806274139453672,-0.10853203833032407,5.242856613334626,1.2440321771940546,0.24403217719405457
2004-10-18_2009-10-17,"set_[100, 200, 250]__x100_1_200_0_250_1",0.05199930901812855,0.052970528743067735,0.06739002394310228,0.34085948333334715,0.7860292316825856,-0.11969600753938918,5.896392096488286,1.2884787867382255,0.28847878673822547
2004-10-18_2009-10-17,"set_[100, 200, 250]__x100_1_200_1_250_0",0.047210346377333456,0.04844271780214554,0.06790845303871368,0.2715820634528606,0.7133532812848647,-0.11132091674593834,5.417899604188345,1.2594172047161534,0.25941720471615337
2004-10-18_2009-10-17,"set_[100, 200, 250]__x100_1_200_1_250_1",0.05431616739387235,0.05604803663652616,0.07929609407310456,0.3284907906373293,0.7068196396263153,-0.13210021862885557,6.668198500886545,1.302729750474556,0.3027297504745561
2004-10-18_2009-10-17,sma100_3in_1out,0.055909013665283336,0.05881262201186564,0.09380161094244982,0.3071655350305559,0.6269894666089371,-0.141392364435446,6.677468350802386,1.3126002602798084,0.31260026027980836
2004-10-18_2009-10-17,sma100_3in_0out,0.04048252138523378,0.04214722570866457,0.07006136421164452,0.17337980562253516,0.6015758640003688,-0.10429697758025346,4.287517425557147,1.2194779314657243,0.21947793146572425
2004-10-18_2009-10-17,sma200_3in_1out,0.04667104920436849,0.049442200152630074,0.08734905733848662,0.2225805377302418,0.5660301514306725,-0.1746792332176129,7.938057569368364,1.256177640929301,0.25617764092930106
2004-10-18_2009-10-17,sma200_3in_0out,0.03894809786455822,0.040209676472254804,0.06318230972269766,0.1615907445780995,0.6364071944937122,-0.1607965082788577,6.02518846372353,1.2105124528289946,0.21051245282899456
2004-10-18_2009-10-17,baseline_buyhold,0.02218709974363664,0.045641949671017604,0.21768577816328866,0.07185563431380618,0.20966895520745066,-0.49217584328847386,16.965388020856874,1.1159686095389443,0.11596860953894428
2011-01-12_2016-01-11,"set_[100, 200]__x100_0_200_0",0.047059927818859704,0.047575064128555625,0.05627353457927736,0.312314914283483,0.8454251982614057,-0.04363383052554523,1.4896054325219366,1.2578241776534294,0.25782417765342935
2011-01-12_2016-01-11,"set_[100, 200]__x100_0_200_1",0.06523502004690962,0.06650929391648348,0.08125286401043762,0.4493293173246615,0.8185470718661662,-0.09225294511756109,2.480870442770083,1.370567555014118,0.3705675550141181
2011-01-12_2016-01-11,"set_[100, 200]__x100_1_200_0",0.038255213994460524,0.04037464041698188,0.07520931402201665,0.1379435586122329,0.5368303240362314,-0.09436225424129345,2.916747695000907,1.2059422396467208,0.20594223964672076
2011-01-12_2016-01-11,"set_[100, 200]__x100_1_200_1",0.0559335408035011,0.059308870204909735,0.0987046879191859,0.2969349361491955,0.6008718679447997,-0.12388355051996647,3.1933340267047123,1.3119024330031241,0.31190243300312415
2011-01-12_2016-01-11,"set_[100, 150, 200]__x100_0_150_0_200_0",0.04401685857873927,0.04468775241096037,0.056699540637683794,0.25904535108699905,0.7881501667979983,-0.04439332168177828,1.467596924000539,1.239695000177176,0.23969500017717604
2011-01-12_2016-01-11,"set_[100, 150, 200]__x100_0_150_0_200_1",0.05627498198136971,0.05731057226957895,0.07147281701302331,0.3821113174341876,0.8018513144533844,-0.06936380673274463,2.0348474166811648,1.314019797426537,0.3140197974265371
2011-01-12_2016-01-11,"set_[100, 150, 200]__x100_0_150_1_200_0",0.04713499938083321,0.04843921393616704,0.0689191444960677,0.2675485029739324,0.7028411958730979,-0.07841266231074848,2.1554015895115275,1.2582740825073804,0.2582740825073804
2011-01-12_2016-01-11,"set_[100, 150, 200]__x100_0_150_1_200_1",0.05891182239928705,0.061062033794785614,0.08727332064445815,0.3559167173359761,0.6996643801780568,-0.11331757980955559,2.9368881911724705,1.3304637171086253,0.3304637171086253
2011-01-12_2016-01-11,"set_[100, 150, 200]__x100_1_150_0_200_0",0.03818974205605685,0.03988746993657788,0.06934366182149602,0.1425864985617595,0.5752143582964501,-0.06033173049435529,2.11429806784527,1.2055629615940247,0.20556296159402465
2011-01-12_2016-01-11,"set_[100, 150, 200]__x100_1_150_0_200_1",0.05022741410589626,0.05251028979519644,0.08361422727518261,0.26921602374094633,0.6280066384202767,-0.0908442578031,2.570227339669183,1.2769190885936916,0.27691908859369163
2011-01-12_2016-01-11,"set_[100, 150, 200]__x100_1_150_1_200_0",0.04108095900637587,0.043638931461784554,0.08213385132628977,0.16605737149231845,0.5313148081711397,-0.11253556967657093,3.0270700085106,1.2224028913086904,0.2224028913086904
2011-01-12_2016-01-11,"set_[100, 150, 200]__x100_1_150_1_200_1",0.05263714632222438,0.05626175132040312,0.09950891144359256,0.2639135625083167,0.5653940989224423,-0.1341961441702748,3.4842326559591754,1.2916005935874835,0.29160059358748347
2011-01-12_2016-01-11,"set_[100, 200, 250]__x100_0_200_0_250_0",0.04989850532772144,0.050316512873043756,0.05688454546248372,0.3571534712612378,0.8845374866575723,-0.05378607188920311,1.4881396099099429,1.2749255758507223,0.2749255758507223
2011-01-12_2016-01-11,"set_[100, 200, 250]__x100_0_200_0_250_1",0.062292769854706664,0.06279219071013897,0.0686285169550308,0.4778216427381962,0.9149577099456175,-0.061197339904990745,1.7542451414603293,1.3517883421877372,0.35178834218773725
2011-01-12_2016-01-11,"set_[100, 200, 250]__x100_0_200_1_250_0",0.06223015735704562,0.06293933273166231,0.07155490998298082,0.46033644287298886,0.8795948837980831,-0.06821290320002467,1.8149832094439033,1.3513909592706492,0.35139095927064923
2011-01-12_2016-01-11,"set_[100, 200, 250]__x100_0_200_1_250_1",0.07425884036073005,0.07541501056875753,0.08685724660808294,0.5228695629010556,0.8682638871693107,-0.0967711456289314,2.3917786821465454,1.4294676685077554,0.4294676685077554
2011-01-12_2016-01-11,"set_[100, 200, 250]__x100_1_200_0_250_0",0.04406007541429613,0.045516230398661255,0.0691961443797461,0.22423547638013913,0.6577856440796719,-0.06956782054433573,2.156927863156624,1.2399509948256549,0.23995099482565485
2011-01-12_2016-01-11,"set_[100, 200, 250]__x100_1_200_0_250_1",0.05616986010964187,0.057991908235756465,0.08167832363423132,0.3427091422824584,0.710003654034987,-0.09598409184971993,2.6298566616970085,1.3133676188162786,0.3133676188162786
2011-01-12_2016-01-11,"set_[100, 200, 250]__x100_1_200_1_250_0",0.05617025809712728,0.05813905025727983,0.08343638254371355,0.3372515610026282,0.6968069382300932,-0.08849185827428592,2.3428408062610413,1.313370087452027,0.3133700874520271
2011-01-12_2016-01-11,"set_[100, 200, 250]__x100_1_200_1_250_1",0.06791227059347538,0.07061472809437504,0.0989693205258465,0.4103769519541991,0.7135011912700111,-0.11806510671402264,2.9221927831710097,1.387836081457637,0.3878360814576369
2011-01-12_2016-01-11,sma100_3in_1out,0.04267962491825905,0.0468053906862382,0.10004626003380739,0.1679762010150041,0.4678374850836187,-0.12421033048857096,4.13052828969826,1.231794762650434,0.23179476265043397
2011-01-12_2016-01-11,sma100_3in_0out,0.060241950233811625,0.0612062381093857,0.07345715017860405,0.4248223356543333,0.83322369518241,-0.08053459172994033,3.2673223539573337,1.3388208857553632,0.3388208857553632
2011-01-12_2016-01-11,sma200_3in_1out,0.0683392985608795,0.07181234972358128,0.10670342542368871,0.39185573994046036,0.6730088508258757,-0.13943926936555823,3.212633170180041,1.3906064652901005,0.39060646529010046
2011-01-12_2016-01-11,sma200_3in_0out,0.03190371227231403,0.03394389014772556,0.07120095123548575,0.055390975531798343,0.4767336609796346,-0.09161650628530459,3.2355502703833015,1.1695896138453332,0.16958961384533322
2011-01-12_2016-01-11,baseline_buyhold,0.12118890378063107,0.12615112476430212,0.15307197013175575,0.6281432497506935,0.8241294905639377,-0.16457044035996332,3.707704129903004,1.7693043312780277,0.7693043312780277
2001-12-07_2006-12-06,"set_[100, 200]__x100_0_200_0",0.049196068697208384,0.04957432738950808,0.055664532973335144,0.3516481023722004,0.8905909156420222,-0.08323402169457776,3.5828118039623233,1.271160849809165,0.2711608498091651
2001-12-07_2006-12-06,"set_[100, 200]__x100_0_200_1",0.052621855408122586,0.05341592795807635,0.06528041538959692,0.35869759434477977,0.8182534936287907,-0.07812513027535647,3.346135350298274,1.2920327802516829,0.2920327802516829
2001-12-07_2006-12-06,"set_[100, 200]__x100_1_200_0",0.047052178490887275,0.04811602896300607,0.06537546914426233,0.2771074410652397,0.7359951613781875,-0.07913788647313809,3.193507911429051,1.258236803649649,0.25823680364964896
2001-12-07_2006-12-06,"set_[100, 200]__x100_1_200_1",0.04997484671630392,0.05195762953157433,0.07987838620071012,0.27488824669543865,0.6504591792956431,-0.07959354322086024,3.591948996164803,1.275881771634759,0.275881771634759
2001-12-07_2006-12-06,"set_[100, 150, 200]__x100_0_150_0_200_0",0.04447235801156624,0.045087780101421504,0.05612898726826074,0.26880549312802565,0.8032886801596952,-0.0964523378400215,4.345674769034263,1.2428243866272646,0.24282438662726458
2001-12-07_2006-12-06,"set_[100, 150, 200]__x100_0_150_0_200_1",0.04684073220801244,0.04764884714713369,0.06117128821751693,0.2885152113255609,0.7789413716072278,-0.08923605424839097,3.9655926145515026,1.2569678549324224,0.25696785493242236
2001-12-07_2006-12-06,"set_[100, 150, 200]__x100_0_150_1_200_0",0.04611511573328664,0.04693855656148713,0.060898598342823455,0.2781436194332909,0.7707657949243846,-0.08376087893606513,3.556318901292262,1.2526210072888404,0.2526210072888404
2001-12-07_2006-12-06,"set_[100, 150, 200]__x100_0_150_1_200_1",0.04818628770068156,0.04949962360719931,0.06981847929784978,0.2792902939637623,0.7089759631691631,-0.08406307523886708,3.7678143439207314,1.265060410553126,0.265060410553126
2001-12-07_2006-12-06,"set_[100, 150, 200]__x100_1_150_0_200_0",0.04308267896660323,0.04411558115042017,0.062204658298435744,0.22692160903285818,0.7092006026103281,-0.07980438351457673,3.7949183048092987,1.2345849409413057,0.23458494094130566
2001-12-07_2006-12-06,"set_[100, 150, 200]__x100_1_150_0_200_1",0.04522854237987395,0.046676648196132355,0.06985890072590789,0.2387190182331004,0.6681560647406787,-0.08188484010519768,3.9440102203141265,1.2473262667191545,0.24732626671915448
2001-12-07_2006-12-06,"set_[100, 150, 200]__x100_1_150_1_200_0",0.0445101347993313,0.04596635761048579,0.0695375578511272,0.22960768401829898,0.6610292197620037,-0.08868793277069574,3.5678224087691293,1.2430489786959042,0.24304897869590425
2001-12-07_2006-12-06,"set_[100, 150, 200]__x100_1_150_1_200_1",0.04635825432402352,0.048527424656197964,0.0801301187408315,0.23121673781767457,0.6056077966532465,-0.08898860318802543,3.9961311456772917,1.254076201557085,0.254076201557085
2001-12-07_2006-12-06,"set_[100, 200, 250]__x100_0_200_0_250_0",0.038489518511608534,0.03882137349987531,0.04587995796379512,0.1922707406758404,0.8461510259122319,-0.05356131483965833,2.350299423221109,1.2076622749822932,0.20766227498229317
2001-12-07_2006-12-06,"set_[100, 200, 250]__x100_0_200_0_250_1",0.05129648447383173,0.051795322266172665,0.059494812514669954,0.36633987645222815,0.8705855195930102,-0.07637012307650642,3.187059531932377,1.283925574162764,0.283925574162764
2001-12-07_2006-12-06,"set_[100, 200, 250]__x100_0_200_1_250_0",0.04063447284957333,0.04138244054558749,0.05567587096664825,0.20444117618574775,0.7432742376024435,-0.05997909808983663,2.733402645932809,1.2201757771453252,0.2201757771453252
2001-12-07_2006-12-06,"set_[100, 200, 250]__x100_0_200_1_250_1",0.05335524003802261,0.05435638931188486,0.06890868815125878,0.3534589028660813,0.7888176479658018,-0.07876354126313774,3.3916722273155067,1.2965364102877233,0.29653641028772326
2001-12-07_2006-12-06,"set_[100, 200, 250]__x100_1_200_0_250_0",0.03692295903011966,0.037849174548873966,0.0563940503900329,0.1391844440076117,0.6711554550010375,-0.053018315256771316,2.5099680633741963,1.1985881136564833,0.19858811365648332
2001-12-07_2006-12-06,"set_[100, 200, 250]__x100_1_200_0_250_1",0.04968809302614985,0.05082312331517133,0.0682486943657167,0.3051065446554739,0.744675393243878,-0.06887840617865744,3.1626611168850043,1.2741418537135294,0.2741418537135294
2001-12-07_2006-12-06,"set_[100, 200, 250]__x100_1_200_1_250_0",0.03884640643159787,0.040410241594586144,0.06778277207894336,0.15358241150807217,0.5961727494343588,-0.06915425102810796,3.084736750904569,1.2097371819233882,0.2097371819233882
2001-12-07_2006-12-06,"set_[100, 200, 250]__x100_1_200_1_250_1",0.05152272406315439,0.05338419036088351,0.0792845639161487,0.2949400136149404,0.6733238820275608,-0.07563851670691153,3.600401286838859,1.2853065788921767,0.2853065788921767
2001-12-07_2006-12-06,sma100_3in_1out,0.03298898712657028,0.035999163009976555,0.08416571892498087,0.07127798688826942,0.4277176440691199,-0.15092698994647402,5.1658559425090855,1.1760411605842886,0.17604116058428865
2001-12-07_2006-12-06,sma100_3in_0out,0.03761281401317995,0.03891575986298058,0.06311171140780633,0.14126949918011222,0.6166170904718495,-0.13717498259851243,5.034247184977464,1.2025772948371063,0.2025772948371063
2001-12-07_2006-12-06,sma200_3in_1out,0.06659682882251405,0.06791609605317213,0.08293175257911371,0.45719636778448197,0.8189395972113671,-0.08565228596985826,3.288643344254189,1.3800357224334892,0.38003572243348915
2001-12-07_2006-12-06,sma200_3in_0out,0.06009199939239318,0.06023289491603559,0.06123858671725746,0.4936902782492815,0.9835774818601675,-0.08910048934817823,3.802289965658086,1.3384964221749256,0.3384964221749256
2001-12-07_2006-12-06,baseline_buyhold,0.029300957156481067,0.04186615537714829,0.16141005073387069,0.07351559164498958,0.259377623554411,-0.32180223132416186,12.257970193378075,1.1552131178417056,0.15521311784170555
