window,variant,CAGR,AnnReturn,AnnVol,Sharpe,MaxDD,UlcerIndex,TotalReturn
2010-03-23_2025-10-01,x100_0_x200_0_x221_0,0.0863113760970109,0.08537798549608913,0.0717133570731341,0.7722129845297024,-0.10789444101056699,2.8956847434623505,3.6093978354087057
2010-03-23_2025-10-01,x100_0_x200_0_x221_1,0.10307223310005709,0.1018803113685211,0.08665341599323752,0.8295150346309568,-0.08743725744799431,3.5619386052811906,4.576466918737206
2010-03-23_2025-10-01,x100_0_x200_1_x221_0,0.09672831088502565,0.09625301938809351,0.08827554843539433,0.7505251517817721,-0.10317102036576056,3.6230311845154017,4.184990413494822
2010-03-23_2025-10-01,x100_0_x200_1_x221_1,0.11298472914355262,0.11275534526052548,0.10652415567487145,0.7768692906903472,-0.1235817652334293,4.83651176834062,5.257353353137926
2010-03-23_2025-10-01,x100_1_x200_0_x221_0,0.09233741333547663,0.092149741144058,0.08720312204287528,0.7127008722635041,-0.1320291614949001,3.712158162166689,3.932626904221363
2010-03-23_2025-10-01,x100_1_x200_0_x221_1,0.10875803602935918,0.10865206701649001,0.10366484610032173,0.7587149354408381,-0.11691707247613498,4.453617756031288,4.956190852494562
2010-03-23_2025-10-01,x100_1_x200_1_x221_0,0.10250925824374635,0.10302477503606237,0.10392657254570803,0.7026573978848893,-0.11691707247613504,4.4341419705915746,4.54038816276224
2010-03-23_2025-10-01,x100_1_x200_1_x221_1,0.11841369985704553,0.11952710090849436,0.12301041693349984,0.727800971172167,-0.1483165178368686,5.703885634735826,5.669324034031867
2010-03-23_2025-10-01,baseline_buyhold,0.17350092710243192,0.17897688248226137,0.1944296831359585,0.7662249923952537,-0.3190613198733274,8.017363575532702,11.947278899427761
2016-04-20_2025-10-01,x100_0_x200_0_x221_0,0.08315622176609638,0.08270058368007403,0.0748512589294955,0.704070772272704,-0.10789444101056753,3.3647752815229963,2.1243455682833163
2016-04-20_2025-10-01,x100_0_x200_0_x221_1,0.109674328933546,0.10822031094900833,0.09079789586240603,0.8614771323285113,-0.08743725744799441,3.8589828266682473,2.668755069407371
2016-04-20_2025-10-01,x100_0_x200_1_x221_0,0.10080408719536105,0.10051994720399259,0.09432582044623476,0.7476208197329024,-0.1031710203657609,3.9810995376923475,2.4741814424127195
2016-04-20_2025-10-01,x100_0_x200_1_x221_1,0.1270539541130964,0.12603967447292688,0.11301357745705488,0.8498065155881109,-0.12358176523342966,5.244334500511524,3.0900855995766756
2016-04-20_2025-10-01,x100_1_x200_0_x221_0,0.09820776814397258,0.09801039334801186,0.09269411524677541,0.7337077781793463,-0.13202916149490032,4.170803478800537,2.419681855350553
2016-04-20_2025-10-01,x100_1_x200_0_x221_1,0.12464131233675957,0.12353012061694614,0.10968503180677763,0.852715444179383,-0.11691707247613521,4.669694626326956,3.0282511321818597
2016-04-20_2025-10-01,x100_1_x200_1_x221_0,0.11587403529012774,0.1158297568719304,0.11085681544388769,0.7742397842501149,-0.11691707247613489,4.6276927457877735,2.812755628448966
2016-04-20_2025-10-01,x100_1_x200_1_x221_1,0.1420226080736342,0.1413494841408647,0.13023441207495037,0.8549927961956988,-0.14831651783686828,5.967356991600678,3.499604052068372
2016-04-20_2025-10-01,baseline_buyhold,0.18947553445409637,0.19546236154743424,0.20904915214376843,0.7914997972995441,-0.31906131987332725,9.518813557840785,5.137997323562552
2006-07-11_2015-07-20,x100_0_x200_0_x221_0,0.08495620944835003,0.08382309752780025,0.06736767802472013,0.7989454157533857,-0.08529303628641267,3.261282363150043,2.0857967484047713
2006-07-11_2015-07-20,x100_0_x200_0_x221_1,0.08925866355141077,0.08878036421326808,0.08081491834468157,0.7273454631552743,-0.10450247388359045,4.525817201138328,2.161566429370037
2006-07-11_2015-07-20,x100_0_x200_1_x221_0,0.08825736314940702,0.0879860470772437,0.082356994208102,0.704081634289893,-0.12212693880959323,4.395663897292159,2.1437175824262114
2006-07-11_2015-07-20,x100_0_x200_1_x221_1,0.09208458251859986,0.09294331376271153,0.09832221962712293,0.6401738488148223,-0.144773863603932,5.760204599196978,2.2126551175101
2006-07-11_2015-07-20,x100_1_x200_0_x221_0,0.08394634285301228,0.08382089268861329,0.07995282207075644,0.6731581361941548,-0.10682428090658523,4.381168357503011,2.0683581362700707
2006-07-11_2015-07-20,x100_1_x200_0_x221_1,0.08783996843717579,0.08877815937408115,0.09553548491917964,0.615249500474152,-0.12750128862457524,5.687887980913274,2.1363160241274843
2006-07-11_2015-07-20,x100_1_x200_1_x221_0,0.08685591408697824,0.08798384223805676,0.09668627855786092,0.5997111803548931,-0.14467709465688297,5.585340948746125,2.118955882018764
2006-07-11_2015-07-20,x100_1_x200_1_x221_1,0.09027190475903968,0.09294110892352458,0.11390675561979939,0.5525669533913413,-0.16684906328069354,6.91919414982503,2.1797625097658235
2006-07-11_2015-07-20,baseline_buyhold,0.12294936144447699,0.13861058534942067,0.21286581093017917,0.5102302942629211,-0.5335755389503001,15.655332924272921,2.844729133559539
2006-02-28_2011-09-20,x100_0_x200_0_x221_0,0.057088713922889056,0.05755975064316631,0.06376221738735185,0.4322269797447977,-0.08529303628641229,3.7669732515609846,1.3618954949204234
2006-02-28_2011-09-20,x100_0_x200_0_x221_1,0.05850413861611936,0.059995562999557744,0.07907505838636081,0.3793302668586016,-0.10450247388359031,5.328269024949823,1.3720718800937903
2006-02-28_2011-09-20,x100_0_x200_1_x221_0,0.0640077714053724,0.0654248577278756,0.08210224657740213,0.431472453003813,-0.12212693880959324,5.116322570927901,1.4122356843000399
2006-02-28_2011-09-20,x100_0_x200_1_x221_1,0.06517353573873863,0.06786067008426701,0.09701716312209835,0.3902471363403863,-0.14477386360393116,6.682558120490204,1.4208655968071326
2006-02-28_2011-09-20,x100_1_x200_0_x221_0,0.06158157508935336,0.06288557220564953,0.07891765084224948,0.41670743939635674,-0.1068242809065857,5.08868798583009,1.3944128638857773
2006-02-28_2011-09-20,x100_1_x200_0_x221_1,0.06264661924340653,0.06532138456204094,0.09529554641785747,0.37065094739224924,-0.12750128862457435,6.65198158053635,1.4022138108021862
2006-02-28_2011-09-20,x100_1_x200_1_x221_0,0.0682381138259045,0.07075067929035882,0.09718887711538268,0.4192936527292069,-0.1446770946568835,6.438666666092541,1.4437585703792593
2006-02-28_2011-09-20,x100_1_x200_1_x221_1,0.06904960335620247,0.07318649164675022,0.1130629468133421,0.3819685658648865,-0.16684906328069374,7.978051865377078,1.4498709413425546
2006-02-28_2011-09-20,baseline_buyhold,0.048536975910730806,0.07761362161372368,0.24607115643730967,0.19349533810905611,-0.5335755389503006,19.842390915275594,1.3017198594631387
2018-04-06_2025-10-01,x100_0_x200_0_x221_0,0.08273558098505585,0.08253579847672214,0.07777761939078351,0.6754616416422169,-0.10789444101056758,3.597260838012041,1.8111695604853595
2018-04-06_2025-10-01,x100_0_x200_0_x221_1,0.11089851589253286,0.10955912548913024,0.09336249906911083,0.8521529123833462,-0.08743725744799466,3.7481796245287877,2.1942654570407205
2018-04-06_2025-10-01,x100_0_x200_1_x221_0,0.10484193863308966,0.10428378768466777,0.09540489545422146,0.7786161006833417,-0.10317102036575966,4.016785927306428,2.1064364068569588
2018-04-06_2025-10-01,x100_0_x200_1_x221_1,0.13271688461360287,0.13130711469707587,0.11524679975489115,0.8790449271696704,-0.12358176523342958,5.114354130160116,2.537505169017367
2018-04-06_2025-10-01,x100_1_x200_0_x221_0,0.09578351862616064,0.09617936487773705,0.09668973620953285,0.6844507749439106,-0.13202916149490043,4.36844970442699,1.9807618585850115
2018-04-06_2025-10-01,x100_1_x200_0_x221_1,0.1238765327184812,0.12320269189014517,0.11287097297590562,0.8257454457315699,-0.11691707247613467,4.490171479288996,2.3932092462287833
2018-04-06_2025-10-01,x100_1_x200_1_x221_0,0.11787923224313923,0.11792735408568272,0.11354532560858352,0.774381099480821,-0.11691707247613498,4.61313669871214,2.299414985836948
2018-04-06_2025-10-01,x100_1_x200_1_x221_1,0.1456651115020744,0.14495068109809084,0.1334017430268388,0.8616879996460328,-0.14831651783686808,5.740445419842561,2.762435635946635
2018-04-06_2025-10-01,baseline_buyhold,0.19065045725825946,0.20001499159538222,0.22546199654073482,0.754073831527812,-0.31906131987332703,10.623025577853578,3.6836385068216315
2012-12-05_2025-10-01,x100_0_x200_0_x221_0,0.08314810251199733,0.082469379996576,0.07182086302360882,0.7305590296141159,-0.10789444101056742,3.0402356986653674,2.7792128134059952
2012-12-05_2025-10-01,x100_0_x200_0_x221_1,0.10453277116394566,0.10323429689361589,0.08699482369050811,0.8418236141744879,-0.08743725744799451,3.5872372005531226,3.5693024319707924
2012-12-05_2025-10-01,x100_0_x200_1_x221_0,0.10011105245623475,0.09949511285974198,0.0900687705636963,0.7715783442452487,-0.10317102036576084,3.6994677581938196,3.3906963513380894
2012-12-05_2025-10-01,x100_0_x200_1_x221_1,0.12121042964060957,0.12026002975678188,0.10779763744688123,0.8373099067338907,-0.123581765233429,4.886373869520294,4.3239130103471695
2012-12-05_2025-10-01,x100_1_x200_0_x221_0,0.08892366817171382,0.08910268789680335,0.08814499615634017,0.6705166540818116,-0.13202916149490018,3.875275684747575,2.9749461604680323
2012-12-05_2025-10-01,x100_1_x200_0_x221_1,0.11000173714369788,0.10986760479384323,0.10455417589752387,0.7638872776552076,-0.11691707247613493,4.4727975129894615,3.802199625610441
2012-12-05_2025-10-01,x100_1_x200_1_x221_0,0.10573520620779253,0.10612842075996931,0.10563018765755186,0.720707048318177,-0.11691707247613492,4.4586643430547195,3.6193503951306134
2012-12-05_2025-10-01,x100_1_x200_1_x221_1,0.12651482897962318,0.12689333765700922,0.12416865997330258,0.780336500996646,-0.14831651783686825,5.713327569640792,4.593135980004291
2012-12-05_2025-10-01,baseline_buyhold,0.1860237815866892,0.18961119227752957,0.19449247165399788,0.8206548609319846,-0.31906131987332736,8.385114207182431,8.876036381039013
2019-10-24_2025-10-01,x100_0_x200_0_x221_0,0.09495093637943586,0.09307502526704055,0.06854807652956621,0.920157478668785,-0.09575684821787846,3.159457849670137,1.7109660641316893
2019-10-24_2025-10-01,x100_0_x200_0_x221_1,0.12718230197361358,0.12377632134279795,0.08975022511440756,1.0448588983844687,-0.09320169152017221,4.347817327448713,2.0316011347540037
2019-10-24_2025-10-01,x100_0_x200_1_x221_0,0.09975483782623296,0.09920761876799354,0.09054254540739305,0.7643657294655928,-0.10317102036576026,4.121400666467314,1.755892144184558
2019-10-24_2025-10-01,x100_0_x200_1_x221_1,0.13194414634706586,0.12990891484375092,0.10897788018065394,0.9167815952937487,-0.1199386364583907,5.14696092620111,2.082946725675144
2019-10-24_2025-10-01,x100_1_x200_0_x221_0,0.11439516596201238,0.1119295931323867,0.08477453788644294,0.9664410467460515,-0.0813712683491195,3.4633959178404012,1.8988997870862607
2019-10-24_2025-10-01,x100_1_x200_0_x221_1,0.14682597108982431,0.1426308892081441,0.10578096366552782,1.064755749099387,-0.10614427756670723,4.728096777877306,2.2504174737079823
2019-10-24_2025-10-01,x100_1_x200_1_x221_0,0.11873829658878798,0.11806218663333967,0.10795189216519799,0.8157539888099299,-0.11016822621890776,4.464157803951493,1.9431381963864034
2019-10-24_2025-10-01,x100_1_x200_1_x221_1,0.15110888849459947,0.14876348270909712,0.12640594428202284,0.9395403308259405,-0.13305802109231896,5.540417701674668,2.300636130723744
2019-10-24_2025-10-01,baseline_buyhold,0.20246077324090583,0.21227787841849952,0.2357907251900411,0.7730493990872133,-0.31906131987332764,11.556325081471059,2.9790011537527152
2003-12-18_2014-08-22,x100_0_x200_0_x221_0,0.06069198498383255,0.06112721369844271,0.06626918093955664,0.4697087432970311,-0.08529303628641206,3.753521798467961,1.8747889985517878
2003-12-18_2014-08-22,x100_0_x200_0_x221_1,0.07110522335017389,0.07167724878410935,0.07710597720355396,0.5405190401009323,-0.10450247388359007,4.473716328944511,2.0806999820290266
2003-12-18_2014-08-22,x100_0_x200_1_x221_0,0.06976866444428009,0.07060148010160215,0.07931464824761036,0.5119039294588995,-0.12212693880959265,4.624741311072356,2.0531718723976966
2003-12-18_2014-08-22,x100_0_x200_1_x221_1,0.07973288062596162,0.08115151518726878,0.09401471926017493,0.5440798588752134,-0.14477386360393119,5.588018451093993,2.2665961886012505
2003-12-18_2014-08-22,x100_1_x200_0_x221_0,0.06446741078168627,0.06561497920248749,0.07907813334154958,0.450377085264031,-0.10682428090658548,5.018530236096098,1.9472062050859242
2003-12-18_2014-08-22,x100_1_x200_0_x221_1,0.07458904730614035,0.07616501428815413,0.0917456652759451,0.5031846916069852,-0.12750128862457394,5.618275683107786,2.1540330893561315
2003-12-18_2014-08-22,x100_1_x200_1_x221_0,0.07325343166255638,0.07508924560564693,0.09355268565718708,0.48196634109330894,-0.1446770946568828,5.864882683887686,2.1256465311314643
2003-12-18_2014-08-22,x100_1_x200_1_x221_1,0.08291852319032156,0.08563928069131357,0.10913408061016683,0.5098249820792486,-0.16684906328069357,6.70797928655536,2.3389539867666245
2003-12-18_2014-08-22,baseline_buyhold,0.10093381966079695,0.11679455901350361,0.20319247149196729,0.4271544037837781,-0.5335755389503002,14.653541735452785,2.78902841666313
2013-06-18_2023-02-18,x100_0_x200_0_x221_0,0.06581673202358007,0.0662082274674298,0.0700153847795504,0.5171467325564887,-0.10789444101056707,3.088018012833115,1.8518159790450743
2013-06-18_2023-02-18,x100_0_x200_0_x221_1,0.09077823396173246,0.09051970796761762,0.08489378476288631,0.7128873819992003,-0.08702055338712504,3.6664057140871433,2.3162520184938304
2013-06-18_2023-02-18,x100_0_x200_1_x221_0,0.07429044313117483,0.07540259569560395,0.08625507742091491,0.5263759195768207,-0.08702055338712485,3.6609083713908057,1.9991400449335772
2013-06-18_2023-02-18,x100_0_x200_1_x221_1,0.09882560076112523,0.0997140761957918,0.10428037626368285,0.6685253610853219,-0.12358176523342931,4.996255395161669,2.486822389646265
2013-06-18_2023-02-18,x100_1_x200_0_x221_0,0.06669726814972798,0.06837261123517892,0.08694410554517092,0.4413480476286323,-0.13202916149490032,4.133355100159835,1.8666580499399716
2013-06-18_2023-02-18,x100_1_x200_0_x221_1,0.09138610937069913,0.09268409173536675,0.10195882993131188,0.6147980687655603,-0.1169170724761349,4.700475903981461,2.3287600703464375
2013-06-18_2023-02-18,x100_1_x200_1_x221_0,0.07495694935068209,0.07756697946335307,0.10249260795692648,0.4641015621667424,-0.11691707247613463,4.908805161590018,2.011161867767227
2013-06-18_2023-02-18,x100_1_x200_1_x221_1,0.0992112051098577,0.10187845996354089,0.12029429789060274,0.5975217547627083,-0.14831651783686797,6.0036175777192655,2.495271192474393
2013-06-18_2023-02-18,baseline_buyhold,0.1534534780145651,0.16290678474693807,0.2001660643425639,0.6639826045611887,-0.3190613198733275,8.678955239287689,3.974972557973244
2000-07-26_2011-05-28,x100_0_x200_0_x221_0,0.06257423097359593,0.06307636522266302,0.06890825623728827,0.4800058371635944,-0.0852930362864127,3.5968095604536003,1.9286128643117704
2000-07-26_2011-05-28,x100_0_x200_0_x221_1,0.06685982381938183,0.06777581276715802,0.07805625464583149,0.48395625614577714,-0.10450247388358976,4.607866105414238,2.014474597520387
2000-07-26_2011-05-28,x100_0_x200_1_x221_0,0.06599311193609458,0.06719943648340775,0.08103258445638245,0.45906762980552784,-0.12212693880959309,4.880082324839419,1.9968352760856058
2000-07-26_2011-05-28,x100_0_x200_1_x221_1,0.06980371628461257,0.07189888402790276,0.0939267133553885,0.4460805933810421,-0.1447738636039316,6.120142220419597,2.075449874678614
2000-07-26_2011-05-28,x100_1_x200_0_x221_0,0.05828622911881132,0.05993066923258022,0.08088173265344732,0.3700547484661794,-0.1068242809065855,5.037519456553866,1.8460402909774776
2000-07-26_2011-05-28,x100_1_x200_0_x221_1,0.06217792436324632,0.0646301167770752,0.09270037333611912,0.3735704132658781,-0.1275012886245745,6.09881503662302,1.9208431256898864
2000-07-26_2011-05-28,x100_1_x200_1_x221_0,0.06134607874378717,0.06405374049332493,0.09490743978515734,0.3588100213261746,-0.1446770946568827,6.474122668726976,1.9046268032920082
2000-07-26_2011-05-28,x100_1_x200_1_x221_1,0.0647616617071527,0.06875318803781993,0.10940952103267275,0.3542030681794791,-0.16684906328069352,7.703634718965836,1.9720138365457673
2000-07-26_2011-05-28,baseline_buyhold,-0.023875338081779884,0.013069804255974295,0.2733288591586658,-0.06194075443090268,-0.7298458918063114,49.17985024166352,0.7698962349347145
2002-02-20_2021-12-31,x100_0_x200_0_x221_0,0.07991453585178676,0.0797271527778426,0.07521994628454441,0.6610899799068342,-0.10789444101056761,3.27021169545552,4.601350625071814
2002-02-20_2021-12-31,x100_0_x200_0_x221_1,0.09347892324373763,0.09319321254443108,0.0872535981315795,0.7242476401848201,-0.10450247388358996,4.128968998806952,5.89535516396961
2002-02-20_2021-12-31,x100_0_x200_1_x221_0,0.08894578833997913,0.08923583858804374,0.08948994787297125,0.6619272889970563,-0.1221269388095931,4.249471021413306,5.428648621698196
2002-02-20_2021-12-31,x100_0_x200_1_x221_1,0.10189561582304973,0.10270189835463218,0.10620423868194721,0.6845479922167192,-0.14477386360393116,5.488218644389891,6.864703963367064
2002-02-20_2021-12-31,x100_1_x200_0_x221_0,0.07972404026264757,0.08074087139918852,0.08958256054106079,0.5664146134328355,-0.1320291614949005,4.425071404811432,4.585263115305952
2002-02-20_2021-12-31,x100_1_x200_0_x221_1,0.09285166855753535,0.09420693116577698,0.10378165005613067,0.6186732541933034,-0.1275012886245749,5.401048662683924,5.828578195110592
2002-02-20_2021-12-31,x100_1_x200_1_x221_0,0.08839517663087015,0.09024955720938962,0.10502872230500496,0.5736483876707938,-0.14467709465688255,5.550767302601921,5.374412061569991
2002-02-20_2021-12-31,x100_1_x200_1_x221_1,0.10089986608073542,0.1037156169759781,0.12285099804295309,0.6000408474516788,-0.166849063280694,6.7881381568285395,6.742589777550313
2002-02-20_2021-12-31,baseline_buyhold,0.1269124123107046,0.14184051808857606,0.21132034155916174,0.5292463435530883,-0.5335755389503002,13.440874956486887,10.719745007945875
2003-01-08_2017-04-06,x100_0_x200_0_x221_0,0.056585313751734256,0.05723337823918977,0.06606808765326402,0.4122017029176769,-0.08529303628641219,3.52860695953177,2.189075207070667
2003-01-08_2017-04-06,x100_0_x200_0_x221_1,0.0633456522842688,0.06445218380016794,0.07772716505600039,0.44324508394646894,-0.1045024738835902,4.696059574198305,2.3971082504699583
2003-01-08_2017-04-06,x100_0_x200_1_x221_0,0.06193145838140768,0.06320681421330987,0.07881885470191255,0.42130546477610903,-0.12212693880959313,4.780971988254205,2.35212664429345
2003-01-08_2017-04-06,x100_0_x200_1_x221_1,0.0682176802393537,0.07042561977428805,0.09401106359452463,0.43000917369306846,-0.14477386360393166,6.0644782048099515,2.5582718280037464
2003-01-08_2017-04-06,x100_1_x200_0_x221_0,0.060747041485199604,0.06206831998398308,0.07852206282801483,0.4083988477763457,-0.10682428090658509,4.6237244883937185,2.315058812746502
2003-01-08_2017-04-06,x100_1_x200_0_x221_1,0.06722371857203546,0.06928712554496126,0.09177144459490409,0.4280974950147271,-0.12750128862457433,5.794741114322698,2.524596229192609
2003-01-08_2017-04-06,x100_1_x200_1_x221_0,0.0657869892904861,0.0680417559581032,0.09287279294217042,0.40961141312710236,-0.14467709465688294,5.935491472736739,2.476647454011964
2003-01-08_2017-04-06,x100_1_x200_1_x221_1,0.07178393704488428,0.07526056151908138,0.10876942401850488,0.41611474849201396,-0.16684906328069357,7.193756716569913,2.6825654899655635
2003-01-08_2017-04-06,baseline_buyhold,0.11875351265303902,0.1313236555847796,0.1954513793242928,0.5184084959393582,-0.5335755389503,12.853678410888245,4.939600293627876
2006-12-13_2011-12-31,x100_0_x200_0_x221_0,0.04877947404861982,0.04966306286917887,0.0637052159787151,0.30865703172168196,-0.08529303628641241,3.7650867798377905,1.2717620352671135
2006-12-13_2011-12-31,x100_0_x200_0_x221_1,0.04744015374169552,0.049246793037544624,0.07601975813228029,0.2531814558532757,-0.10450247388358967,5.040469684732109,1.2635854816215164
2006-12-13_2011-12-31,x100_0_x200_1_x221_0,0.045104525785981675,0.04740963331676351,0.08103840992855212,0.2148318720975991,-0.12212693880959327,5.535735698525068,1.2494273551354167
2006-12-13_2011-12-31,x100_0_x200_1_x221_1,0.0434718434474346,0.04699336348512926,0.09411353087255972,0.1805623838312918,-0.14477386360393077,6.92260590479912,1.2396061116973351
2006-12-13_2011-12-31,x100_1_x200_0_x221_0,0.04781538595873913,0.049861592087769864,0.07930940880221585,0.25043172541231884,-0.106824280906585,5.213850178898815,1.2658720119401679
2006-12-13_2011-12-31,x100_1_x200_0_x221_1,0.04619851838218736,0.04944532225613562,0.09242513011939091,0.2103899905904051,-0.12750128862457435,6.522703714175758,1.2560430015090405
2006-12-13_2011-12-31,x100_1_x200_1_x221_0,0.043855421545938134,0.047608162535354506,0.09668345037736721,0.18212178471731946,-0.14467709465688341,7.029881951670855,1.2419079056224716
2006-12-13_2011-12-31,x100_1_x200_1_x221_1,0.041946655077296224,0.04719189270372025,0.11031589031439991,0.15584239636487013,-0.1668490632806933,8.352143018766695,1.230487507766953
2006-12-13_2011-12-31,baseline_buyhold,0.03897393320636611,0.07200284711003327,0.26014644274651766,0.16145847187678114,-0.5335755389503,20.775583313386583,1.2128691680794288
2014-07-17_2025-10-01,x100_0_x200_0_x221_0,0.07475136051131637,0.0747257481465263,0.07238028822753345,0.6179271904240998,-0.10789444101056736,3.2456315609915807,2.240533637158525
2014-07-17_2025-10-01,x100_0_x200_0_x221_1,0.09974794556142164,0.09893321466967468,0.08746922397505139,0.7880853577635071,-0.08743725744799445,3.78023635470734,2.897944851327203
2014-07-17_2025-10-01,x100_0_x200_1_x221_0,0.0877606921417069,0.0882711543905967,0.09082960273758527,0.64154364474044,-0.1031710203657594,3.986099153209795,2.5634550416978574
2014-07-17_2025-10-01,x100_0_x200_1_x221_1,0.11242020149641796,0.11247862091374511,0.10864585457007685,0.7591511083429897,-0.12358176523342917,5.1859234273925585,3.2943569562599913
2014-07-17_2025-10-01,x100_1_x200_0_x221_0,0.08240472132543997,0.08320399037149871,0.08934432864686934,0.5954937619128107,-0.13202916149489968,4.134081228583658,2.4256987932385505
2014-07-17_2025-10-01,x100_1_x200_0_x221_1,0.10716519473226316,0.10741145689464708,0.10552754703752609,0.7335663442183414,-0.11691707247613492,4.700417066942268,3.1243385375068287
2014-07-17_2025-10-01,x100_1_x200_1_x221_0,0.09528140210666969,0.0967493966155691,0.10677790555370434,0.625123673942052,-0.11691707247613439,4.841720280365068,2.7689273100027383
2014-07-17_2025-10-01,x100_1_x200_1_x221_1,0.11969194285384166,0.1209568631387175,0.12528815267107712,0.7259813573715097,-0.1483165178368681,6.04870428439963,3.543530616167997
2014-07-17_2025-10-01,baseline_buyhold,0.17370204706951453,0.18083864252281212,0.20292275769413617,0.7433303402576956,-0.31906131987332736,8.945908715590864,6.00323852007316
2007-09-24_2016-08-09,x100_0_x200_0_x221_0,0.08648505426382425,0.08509623318131207,0.0653344452337126,0.8432953396056755,-0.08529303628641192,2.4623419111506695,2.0875619070833595
2007-09-24_2016-08-09,x100_0_x200_0_x221_1,0.0918771644617753,0.09089478101968801,0.07719622909851676,0.7888310313962995,-0.10450247388358946,3.162516781171883,2.1813059532622585
2007-09-24_2016-08-09,x100_0_x200_1_x221_0,0.08867605094469355,0.0881284263024568,0.0793684326444967,0.7323872270833782,-0.12212693880959413,3.527831845984366,2.125213069988985
2007-09-24_2016-08-09,x100_0_x200_1_x221_1,0.0935471289892773,0.09392697414083272,0.09465873193229307,0.6753415436259808,-0.14477386360393146,4.394593980507604,2.211086820198321
2007-09-24_2016-08-09,x100_1_x200_0_x221_0,0.08405594089259694,0.08377890451153643,0.07814761465075991,0.6881707746534973,-0.10682428090658531,3.4110538318950883,2.0465117177946888
2007-09-24_2016-08-09,x100_1_x200_0_x221_1,0.08907173560009785,0.08957745234991236,0.09200590072917744,0.647539471683242,-0.12750128862457505,4.1771980631135595,2.1320765711694722
2007-09-24_2016-08-09,x100_1_x200_1_x221_0,0.08589839374903585,0.08681109763268116,0.0936390927734013,0.6067027771206545,-0.14467709465688328,4.567089455242245,2.0775814423465016
2007-09-24_2016-08-09,x100_1_x200_1_x221_1,0.09039190284619947,0.09260964547105711,0.10998443147264643,0.5692591636174288,-0.16684906328069407,5.402268285823764,2.155118546374913
2007-09-24_2016-08-09,baseline_buyhold,0.09636069494453547,0.11573195638297878,0.21794407518939687,0.393366767637415,-0.5335755389503001,15.888763067420312,2.2620784500926185
2018-03-23_2025-10-01,x100_0_x200_0_x221_0,0.08650236712327786,0.08598651141294181,0.07747856938730428,0.7226064169186354,-0.10789444101056754,3.569891390749519,1.864301006521904
2018-03-23_2025-10-01,x100_0_x200_0_x221_1,0.11467020509970904,0.11292028316212367,0.09304488902945733,0.8911857924390852,-0.08743725744799476,3.7230236573197573,2.2592907427693194
2018-03-23_2025-10-01,x100_0_x200_1_x221_0,0.10857904396384899,0.10763104824093421,0.09508181407865457,0.8164657878394649,-0.10317102036576065,3.9911110653310837,2.1682296341295895
2018-03-23_2025-10-01,x100_0_x200_1_x221_1,0.13645739822355774,0.13456481999011607,0.11489343983200309,0.9101026145880088,-0.12358176523342942,5.090404496315935,2.612700326774904
2018-03-23_2025-10-01,x100_1_x200_0_x221_0,0.09772799957378342,0.09793449042110823,0.09649920370402466,0.7039901658615957,-0.13202916149490027,4.357730096949213,2.013872402707179
2018-03-23_2025-10-01,x100_1_x200_0_x221_1,0.12577839136859725,0.12486826217029011,0.11264073321799417,0.8422198565299739,-0.11691707247613502,4.47930256830657,2.4339136666567085
2018-03-23_2025-10-01,x100_1_x200_1_x221_0,0.11975657985970578,0.11957902724910063,0.11330743088448528,0.7905838703590827,-0.11691707247613485,4.601794296156208,2.3378521563699577
2018-03-23_2025-10-01,x100_1_x200_1_x221_1,0.14749892238016615,0.14651279899828248,0.13311626814841407,0.8752709238241263,-0.14831651783686892,5.726619788559419,2.8094180749290127
2018-03-23_2025-10-01,baseline_buyhold,0.18865517666979992,0.19848159465523194,0.22610342807044687,0.7451527652324593,-0.31906131987332764,10.600227742809357,3.6602843692966176
2001-04-19_2012-10-10,x100_0_x200_0_x221_0,0.06423398282934234,0.06481949107551209,0.07149799302517389,0.4869995590401037,-0.0852930362864123,3.629858730002377,2.0415560048860004
2001-04-19_2012-10-10,x100_0_x200_0_x221_1,0.06751909410565027,0.0686246595099727,0.08095928640148847,0.47708745008481906,-0.10450247388358998,4.631013393657447,2.1149815293463385
2001-04-19_2012-10-10,x100_0_x200_1_x221_0,0.06696854738913416,0.06833366315182657,0.08369396365262284,0.4580218390771035,-0.12212693880959322,4.85984849926531,2.1025105502064454
2001-04-19_2012-10-10,x100_0_x200_1_x221_1,0.06967631091475157,0.07213883158628717,0.09767444789685917,0.43142124162078005,-0.14477386360393155,6.145181510018776,2.16450014551073
2001-04-19_2012-10-10,x100_1_x200_0_x221_0,0.06088553507046024,0.06264397462079496,0.08402074106982811,0.38852281240491743,-0.10682428090658556,5.005570209976255,1.9691161686297316
2001-04-19_2012-10-10,x100_1_x200_0_x221_1,0.0637564848915877,0.06644914305525557,0.09622565851845331,0.3787881903480627,-0.12750128862457483,6.061940482794668,2.0310793316758193
2001-04-19_2012-10-10,x100_1_x200_1_x221_0,0.06324527347756792,0.06615814669710945,0.09817739964025812,0.3682939946423538,-0.14467709465688236,6.3521196572153995,2.0199173708742597
2001-04-19_2012-10-10,x100_1_x200_1_x221_1,0.06553836943286417,0.06996331513157004,0.11371837758062293,0.3514235428063265,-0.16684906328069388,7.59696197900259,2.0704271754931267
2001-04-19_2012-10-10,baseline_buyhold,0.034835738331071564,0.06398720238989329,0.24408128928549272,0.139245423069442,-0.5479322107327467,23.259193996506035,1.480778819740894
2018-10-02_2025-10-01,x100_0_x200_0_x221_0,0.08514795944437603,0.08458447696065331,0.07548224530715728,0.7231432602267542,-0.1078944410105677,3.7547631038850295,1.7689622316877756
2018-10-02_2025-10-01,x100_0_x200_0_x221_1,0.12067168007806695,0.11835397736111619,0.09371536878791473,0.9427906916854611,-0.08743725744799474,3.8224435567799753,2.214966011725097
2018-10-02_2025-10-01,x100_0_x200_1_x221_0,0.10716759823149324,0.10641934738844847,0.0957325061836256,0.7982591330249692,-0.11085186111803232,4.281168679618147,2.0352432494762693
2018-10-02_2025-10-01,x100_0_x200_1_x221_1,0.1427331637375857,0.14018884778891133,0.11589162855666235,0.9507921250328898,-0.12358176523342938,5.2268540468059035,2.5378393139490147
2018-10-02_2025-10-01,x100_1_x200_0_x221_0,0.09684734271626927,0.09700722175554598,0.09523493113616795,0.703599204159011,-0.1320291614949011,4.5799635170089825,1.9064558871575326
2018-10-02_2025-10-01,x100_1_x200_0_x221_1,0.13231647944945024,0.13077672215600886,0.1136608175919945,0.8866443537100412,-0.11691707247613457,4.556047877241379,2.380696347108932
2018-10-02_2025-10-01,x100_1_x200_1_x221_0,0.11886573170661174,0.11884209218334107,0.11383711914239714,0.7804316628235283,-0.13442826330281898,4.904003736760881,2.190170834352222
2018-10-02_2025-10-01,x100_1_x200_1_x221_1,0.15436087438218138,0.15261159258380394,0.1341235806287724,0.9141687987227889,-0.14831651783686817,5.8337893380023536,2.723668529359074
2018-10-02_2025-10-01,baseline_buyhold,0.17811037671324192,0.19072513544554387,0.23117216912759417,0.6952616141125212,-0.319061319873327,10.980499207371015,3.1397093653360466
2020-02-24_2025-10-01,x100_0_x200_0_x221_0,0.08262424148469671,0.08161667309102533,0.06657981824928844,0.7752600479887459,-0.09575684821787932,3.2403655692342186,1.5592336734473198
2020-02-24_2025-10-01,x100_0_x200_0_x221_1,0.11083847533179214,0.10885390747978861,0.08621914369628743,0.9145753958953324,-0.09320169152016994,4.458779709201094,1.8006434740246573
2020-02-24_2025-10-01,x100_0_x200_1_x221_0,0.08934227057961674,0.08936051737192935,0.08682682790155519,0.6836656227869189,-0.10317102036576035,4.201161271517294,1.6141482578071407
2020-02-24_2025-10-01,x100_0_x200_1_x221_1,0.11753991617102555,0.1165977517606926,0.10430902526183024,0.8302038250603929,-0.11993863645838927,5.261591226748026,1.862272470728216
2020-02-24_2025-10-01,x100_1_x200_0_x221_0,0.09792580613131618,0.0967831933068809,0.08176062355405343,0.816813649454732,-0.08137126834911775,3.561307340199936,1.6866134384983764
2020-02-24_2025-10-01,x100_1_x200_0_x221_1,0.1261670283843741,0.12402042769564416,0.10170364251127176,0.924454870780306,-0.10614427756670822,4.86197099068998,1.9441510191312277
2020-02-24_2025-10-01,x100_1_x200_1_x221_0,0.10435754135957587,0.10452703758778487,0.10236178329896699,0.7280748262280127,-0.11016822621890619,4.514572540915922,1.7426454730430097
2020-02-24_2025-10-01,x100_1_x200_1_x221_1,0.13256992410734125,0.13176427197654814,0.12032195220437411,0.8457664633274514,-0.13305802109232076,5.6439096352574705,2.006811980441303
2020-02-24_2025-10-01,baseline_buyhold,0.19038938619232626,0.20332054746084044,0.24058484461010624,0.7204134065124724,-0.3190613198733273,11.64546781509915,2.651540306241128
2009-02-11_2025-10-01,x100_0_x200_0_x221_0,0.0883388630386861,0.0873436065804557,0.0730962338391809,0.7844946800763692,-0.10789444101056701,3.0657702852565376,4.080310122549176
2009-02-11_2025-10-01,x100_0_x200_0_x221_1,0.10452027408014541,0.10331289682880127,0.08802568785337533,0.8328579828983421,-0.11796744843076525,3.8119613270948065,5.21390357113927
2009-02-11_2025-10-01,x100_0_x200_1_x221_0,0.09793994005119866,0.09744856769044818,0.08929649923143583,0.7553327204422331,-0.10317102036576001,3.806422903188412,4.721232243495749
2009-02-11_2025-10-01,x100_0_x200_1_x221_1,0.11360170665205316,0.11341785793879373,0.10753075565476596,0.775758130135455,-0.14477386360393107,5.105414495441499,5.973589283627436
2009-02-11_2025-10-01,x100_1_x200_0_x221_0,0.09476395074096722,0.09446291596689639,0.08826699135823383,0.7303173584479843,-0.13202916149490054,3.9397723653861156,4.4994248035623166
2009-02-11_2025-10-01,x100_1_x200_0_x221_1,0.11061558365827584,0.11043220621524197,0.10467748567129904,0.7683811442300934,-0.14063050391356588,4.749282577265583,5.713006654175382
2009-02-11_2025-10-01,x100_1_x200_1_x221_0,0.10410531643308696,0.10456787707688889,0.1048434905258653,0.7112303940175734,-0.12262842717628733,4.6881723426864275,5.181460746049462
2009-02-11_2025-10-01,x100_1_x200_1_x221_1,0.11942573049276817,0.12053716732523445,0.12386285990879269,0.7309468503464409,-0.16684906328069393,6.012516632045747,6.514275554246553
2009-02-11_2025-10-01,baseline_buyhold,0.1924757869745961,0.19543928277476358,0.19657577067633628,0.8416056679088942,-0.31906131987332736,7.805381948887209,18.617111240790813
